{"cameraMode":{"drawMode":0,"name":"Shaded","section":"Shading Mode"},"sceneLighting":true,"audioPlay":false,"sceneViewState":{"m_AlwaysRefresh":false,"showFog":true,"showSkybox":true,"showFlares":true,"showImageEffects":true,"showParticleSystems":true,"showVisualEffectGraphs":true,"m_FxEnabled":true},"in2DMode":false,"pivot":{"x":2.538938522338867,"y":16.592361450195314,"z":5.240176677703857},"rotation":{"x":0.07646724581718445,"y":-0.32581400871276858,"z":0.02644905261695385,"w":0.9419835209846497},"size":6.671999931335449,"orthographic":false}